dataset,noise,detector,quality,seed,B,estimator,auc_global,auc_primary,delta_point,ci_low,ci_high,delta_ci_low,delta_ci_high,ci_entirely_above_chance,ci_entirely_below_chance,n_valid_bootstrap,n_failed_overlap,coverage_primary,coverage_bootstrap_mean,n_pairs_primary,n_pairs_bootstrap_mean,common_support_lo,common_support_hi,caliper_point,eligible_global_above_chance
cifar100,symmetric0.2,combined,dino_density,4,1000,pipeline_primary_matching_rule,0.6955370886759643,0.6826114702699703,0.012925618405994044,0.6750444948490693,0.710301933861361,-0.004942897196146558,0.01640687537653682,True,False,1000,0,0.8108077869769523,0.9896524999999999,36041,5925.571,0.06922867575408015,0.9948338958251178,0.015788185428851187,True
cifar100,symmetric0.2,ema_loss,dino_density,4,1000,pipeline_primary_matching_rule,0.8004665509249076,0.7951915873588413,0.005274963566066271,0.7905595757592522,0.819094767402631,-0.007022685471405349,0.011468448432119168,True,False,1000,0,0.8108077869769523,0.9898916666666666,36041,5927.373,0.06922867575408015,0.9948338958251178,0.015788185428851187,True
cifar100,symmetric0.2,confidence,dino_density,4,1000,pipeline_primary_matching_rule,0.732585039856832,0.7280042174190505,0.004580822437781462,0.7203296174222382,0.7538605965552025,-0.005634866765139014,0.014277824882179078,True,False,1000,0,0.8108077869769523,0.98973,36041,5925.963,0.06922867575408015,0.9948338958251178,0.015788185428851187,True
cifar100,symmetric0.2,aum,dino_density,4,1000,pipeline_primary_matching_rule,0.7124072832895794,0.7404899975028439,-0.02808271421326458,0.7256341616475048,0.76012462951967,-0.04482152768822347,-0.019133923084115653,True,False,1000,0,0.8108077869769523,0.9900883333333332,36041,5928.055,0.06922867575408015,0.9948338958251178,0.015788185428851187,True
cifar100,symmetric0.2,neighbor,dino_density,4,1000,pipeline_primary_matching_rule,0.8205679553099043,0.8164451596792541,0.004122795630650211,0.8034698801067613,0.8339545704837201,-0.002625537388706077,0.01012773866919594,True,False,1000,0,0.8108077869769523,0.9900991666666666,36041,5928.355,0.06922867575408015,0.9948338958251178,0.015788185428851187,True
cifar100,symmetric0.2,confident_learning,dino_density,4,1000,pipeline_primary_matching_rule,0.8096779561750015,0.8069975860825171,0.002680370092484341,0.7950744368341934,0.8258974236773787,-0.006761563293824439,0.01153165077459303,True,False,1000,0,0.8108077869769523,0.9898883333333334,36041,5927.081,0.06922867575408015,0.9948338958251178,0.015788185428851187,True
cifar100,symmetric0.2,combined,dino_density,3,1000,pipeline_primary_matching_rule,0.6979990091293473,0.6835592467085162,0.014439762420831115,0.6848699850970201,0.722472640766577,-0.005265615962047999,0.017456606450157924,True,False,1000,0,0.8051601423487544,0.992375,36002,5944.038,0.009209705373637569,0.9931418309251339,0.015720455517471296,True
cifar100,symmetric0.2,ema_loss,dino_density,3,1000,pipeline_primary_matching_rule,0.8077248279544047,0.8054691406032998,0.002255687351104929,0.7992671123231876,0.8284002570440698,-0.006398562568884899,0.012125129723385282,True,False,1000,0,0.8051601423487544,0.9924175000000001,36002,5944.205,0.009209705373637569,0.9931418309251339,0.015720455517471296,True
cifar100,symmetric0.2,confidence,dino_density,3,1000,pipeline_primary_matching_rule,0.7410225904474766,0.7378478973390368,0.0031746931084398744,0.7308593285480297,0.7650082543150453,-0.008358222421480339,0.011389303768631408,True,False,1000,0,0.8051601423487544,0.9923858333333333,36002,5944.093,0.009209705373637569,0.9931418309251339,0.015720455517471296,True
cifar100,symmetric0.2,aum,dino_density,3,1000,pipeline_primary_matching_rule,0.7098752947397613,0.7361396589078385,-0.026264364168077203,0.724747682519786,0.7582701941119627,-0.04965470623393048,-0.02237799555278138,True,False,1000,0,0.8051601423487544,0.9924358333333334,36002,5944.494,0.009209705373637569,0.9931418309251339,0.015720455517471296,True
cifar100,symmetric0.2,neighbor,dino_density,3,1000,pipeline_primary_matching_rule,0.8337556653829793,0.8286622965390812,0.005093368843898105,0.8067766939023691,0.8375415896397196,-0.0008388204461872181,0.012625171993333358,True,False,1000,0,0.8051601423487544,0.9927283333333333,36002,5946.085,0.009209705373637569,0.9931418309251339,0.015720455517471296,True
cifar100,symmetric0.2,confident_learning,dino_density,3,1000,pipeline_primary_matching_rule,0.820005560745299,0.8157463474251431,0.004259213320155886,0.8113739590590889,0.840282604310887,-0.009303063598973687,0.008215593692662428,True,False,1000,0,0.8051601423487544,0.9922841666666666,36002,5943.475,0.009209705373637569,0.9931418309251339,0.015720455517471296,True
cifar100,symmetric0.2,combined,dino_density,0,1000,pipeline_primary_matching_rule,0.7029773916091523,0.6905930980914337,0.012384293517718636,0.6667704446548962,0.701160234979107,0.004180909704491678,0.026626047399687443,True,False,1000,0,0.8113946720394001,0.9936483333333334,36048,5951.156,0.006858310250571219,0.9754967073890641,0.015694725499472855,True
cifar100,symmetric0.2,ema_loss,dino_density,0,1000,pipeline_primary_matching_rule,0.8058899920451538,0.8006685530403905,0.00522143900476324,0.7874071746403881,0.8171168265504751,-0.004555729119153612,0.014801090784334997,True,False,1000,0,0.8113946720394001,0.9939041666666667,36048,5952.33,0.006858310250571219,0.9754967073890641,0.015694725499472855,True
cifar100,symmetric0.2,confidence,dino_density,0,1000,pipeline_primary_matching_rule,0.7381262213092379,0.7350338437638704,0.0030923775453675084,0.7233712582263169,0.758197599109166,-0.005509932408876592,0.014833581573385539,True,False,1000,0,0.8113946720394001,0.9936675,36048,5950.555,0.006858310250571219,0.9754967073890641,0.015694725499472855,True
cifar100,symmetric0.2,aum,dino_density,0,1000,pipeline_primary_matching_rule,0.7105252082373024,0.7398746116289392,-0.02934940339163683,0.7164158384541429,0.7501712624814736,-0.041252216769159564,-0.015947023109576828,True,False,1000,0,0.8113946720394001,0.9936400000000001,36048,5950.733,0.006858310250571219,0.9754967073890641,0.015694725499472855,True
cifar100,symmetric0.2,neighbor,dino_density,0,1000,pipeline_primary_matching_rule,0.8412673517946992,0.8363015978695074,0.004965753925191829,0.817867803277819,0.846479918888512,-0.002302545317404399,0.01097688916565403,True,False,1000,0,0.8113946720394001,0.9938575,36048,5952.228,0.006858310250571219,0.9754967073890641,0.015694725499472855,True
cifar100,symmetric0.2,confident_learning,dino_density,0,1000,pipeline_primary_matching_rule,0.8229715747232603,0.8172991566799823,0.005672418043278005,0.8021065230566619,0.8312969706475672,-0.008373911144105657,0.010228779181174229,True,False,1000,0,0.8113946720394001,0.9936500000000001,36048,5950.721,0.006858310250571219,0.9754967073890641,0.015694725499472855,True
cifar100,symmetric0.2,combined,dino_density,6,1000,pipeline_primary_matching_rule,0.6938416488331146,0.681725930662515,0.012115718170599643,0.6611994310998736,0.6990507804513818,0.0020646750685456854,0.02588191378401128,True,False,1000,0,0.8015503875968992,0.9889375,35969,5921.095,0.003931139407593969,0.9838482286262442,0.015891034576396137,True
cifar100,symmetric0.2,ema_loss,dino_density,6,1000,pipeline_primary_matching_rule,0.8019663165225358,0.7978676082181879,0.004098708304347887,0.7774024499951193,0.8071533468461624,-0.0045131003166753465,0.014484489443347145,True,False,1000,0,0.8015503875968992,0.9890991666666666,35969,5921.823,0.003931139407593969,0.9838482286262442,0.015891034576396137,True
cifar100,symmetric0.2,confidence,dino_density,6,1000,pipeline_primary_matching_rule,0.7372082940410228,0.7327142817426117,0.004494012298411176,0.715201731935633,0.7494566898525473,-0.006503636534583791,0.013741459323726533,True,False,1000,0,0.8015503875968992,0.9891816666666666,35969,5922.486,0.003931139407593969,0.9838482286262442,0.015891034576396137,True
cifar100,symmetric0.2,aum,dino_density,6,1000,pipeline_primary_matching_rule,0.7081654639602154,0.734298979676944,-0.026133515716728617,0.7200254401018396,0.7552304270143586,-0.04235471948469093,-0.015811573061002386,True,False,1000,0,0.8015503875968992,0.9889649999999999,35969,5921.391,0.003931139407593969,0.9838482286262442,0.015891034576396137,True
cifar100,symmetric0.2,neighbor,dino_density,6,1000,pipeline_primary_matching_rule,0.8344780118537319,0.8293113514415191,0.005166660412212809,0.822325919344733,0.8520189890012835,-0.0022019837817487454,0.011840465783398807,True,False,1000,0,0.8015503875968992,0.9893633333333334,35969,5923.694,0.003931139407593969,0.9838482286262442,0.015891034576396137,True
cifar100,symmetric0.2,confident_learning,dino_density,6,1000,pipeline_primary_matching_rule,0.8195908073388338,0.8159387250132059,0.00365208232562797,0.8096673710861817,0.8392105254452042,-0.009677734233269277,0.008622666947819428,True,False,1000,0,0.8015503875968992,0.9891458333333333,35969,5922.135,0.003931139407593969,0.9838482286262442,0.015891034576396137,True
cifar100,symmetric0.2,combined,dino_density,2,1000,pipeline_primary_matching_rule,0.6955938051346134,0.680339304648697,0.015254500485916478,0.6578987050984975,0.6953785167703166,0.008311834199136113,0.031653570130903357,True,False,1000,0,0.7874617737003058,0.9969583333333335,35838,5975.791,0.04077242114173069,0.9797569157266203,0.015917420897746136,True
cifar100,symmetric0.2,ema_loss,dino_density,2,1000,pipeline_primary_matching_rule,0.8012842249914671,0.7955382554830068,0.005745969508460291,0.7835499798689036,0.8121989687594783,-0.0006425826731343713,0.01769929604532095,True,False,1000,0,0.7874617737003058,0.9970399999999999,35838,5976.415,0.04077242114173069,0.9797569157266203,0.015917420897746136,True
cifar100,symmetric0.2,confidence,dino_density,2,1000,pipeline_primary_matching_rule,0.7345559841030466,0.7293236229700318,0.005232361133014729,0.7190795610925771,0.7532976966284429,-0.005558556433702325,0.014307183278461819,True,False,1000,0,0.7874617737003058,0.997135,35838,5976.775,0.04077242114173069,0.9797569157266203,0.015917420897746136,True
cifar100,symmetric0.2,aum,dino_density,2,1000,pipeline_primary_matching_rule,0.7123119533219262,0.7411685919973212,-0.028856638675395008,0.7200689598571552,0.7549335242194339,-0.037950628637380426,-0.012466665917175806,True,False,1000,0,0.7874617737003058,0.9970941666666667,35838,5976.566,0.04077242114173069,0.9797569157266203,0.015917420897746136,True
cifar100,symmetric0.2,neighbor,dino_density,2,1000,pipeline_primary_matching_rule,0.8334705901681911,0.8270969362129583,0.006373653955232816,0.8181415426121745,0.8482016708516406,-0.001440026303837477,0.011704937889922672,True,False,1000,0,0.7874617737003058,0.9970183333333333,35838,5976.192,0.04077242114173069,0.9797569157266203,0.015917420897746136,True
cifar100,symmetric0.2,confident_learning,dino_density,2,1000,pipeline_primary_matching_rule,0.8137894147051182,0.8094759752218316,0.004313439483286663,0.8047103723192329,0.834837583500334,-0.006580617709538756,0.011556933108343053,True,False,1000,0,0.7874617737003058,0.9969658333333334,35838,5975.763,0.04077242114173069,0.9797569157266203,0.015917420897746136,True
cifar100,symmetric0.2,combined,dino_density,7,1000,pipeline_primary_matching_rule,0.6957591986548436,0.6843803008815106,0.011378897773333008,0.6754631741577509,0.712025934061982,0.0005673809283658204,0.022559389154905893,True,False,1000,0,0.8024609245094779,0.9963141666666666,35961,5971.78,0.04130883428066228,0.9576945263133385,0.015740903639321003,True
cifar100,symmetric0.2,ema_loss,dino_density,7,1000,pipeline_primary_matching_rule,0.802177668279128,0.799755290453547,0.002422377825580968,0.7899473211671216,0.8201952253795295,-0.006560804648405121,0.01284740101786293,True,False,1000,0,0.8024609245094779,0.9963916666666668,35961,5972.122,0.04130883428066228,0.9576945263133385,0.015740903639321003,True
cifar100,symmetric0.2,confidence,dino_density,7,1000,pipeline_primary_matching_rule,0.7342028511323004,0.7297627985873586,0.0044400525449418415,0.7222331237615107,0.7573796789425727,-0.0075526930911771345,0.013661867940888854,True,False,1000,0,0.8024609245094779,0.9964541666666666,35961,5972.42,0.04130883428066228,0.9576945263133385,0.015740903639321003,True
cifar100,symmetric0.2,aum,dino_density,7,1000,pipeline_primary_matching_rule,0.7142140312120079,0.7382303050526959,-0.02401627384068805,0.7231365219156989,0.7598087108835234,-0.04427766619044754,-0.017536529986994537,True,False,1000,0,0.8024609245094779,0.9964149999999999,35961,5972.213,0.04130883428066228,0.9576945263133385,0.015740903639321003,True
cifar100,symmetric0.2,neighbor,dino_density,7,1000,pipeline_primary_matching_rule,0.8347913917403919,0.8297322098940519,0.005059181846339911,0.8260651546381353,0.8543138926969652,-0.004685703640993339,0.00872438042074193,True,False,1000,0,0.8024609245094779,0.9965108333333332,35961,5972.863,0.04130883428066228,0.9576945263133385,0.015740903639321003,True
cifar100,symmetric0.2,confident_learning,dino_density,7,1000,pipeline_primary_matching_rule,0.8197085331887195,0.8183726815160869,0.0013358516726326153,0.810024896803913,0.8403240826928362,-0.009291441907287586,0.008319211088506586,True,False,1000,0,0.8024609245094779,0.9964316666666666,35961,5972.352,0.04130883428066228,0.9576945263133385,0.015740903639321003,True
cifar100,symmetric0.2,combined,dino_density,5,1000,pipeline_primary_matching_rule,0.7024576254672145,0.6906783187682064,0.011779306699008063,0.6716589091873442,0.7072645970348176,-0.00045165376598011467,0.02167375034115717,True,False,1000,0,0.8126471577531114,0.99577,36045,5968.101,0.04581584649883221,0.9799874396407446,0.015903600165158734,True
cifar100,symmetric0.2,ema_loss,dino_density,5,1000,pipeline_primary_matching_rule,0.8078679432514401,0.8028852822860314,0.0049826609654086695,0.7853868903596216,0.8154382158864892,-0.007280161040654569,0.011599114228798744,True,False,1000,0,0.8126471577531114,0.9957291666666668,36045,5967.567,0.04581584649883221,0.9799874396407446,0.015903600165158734,True
cifar100,symmetric0.2,confidence,dino_density,5,1000,pipeline_primary_matching_rule,0.7430875567409017,0.7408794562352614,0.0022081005056402425,0.7187171843481064,0.7515562559534489,-0.006696023879372228,0.013302200119593491,True,False,1000,0,0.8126471577531114,0.9958683333333334,36045,5968.386,0.04581584649883221,0.9799874396407446,0.015903600165158734,True
cifar100,symmetric0.2,aum,dino_density,5,1000,pipeline_primary_matching_rule,0.7163424983550438,0.742655014565127,-0.026312516210083126,0.7076121155435163,0.743894226436893,-0.03254532511428847,-0.006846433022486559,True,False,1000,0,0.8126471577531114,0.9957191666666667,36045,5967.464,0.04581584649883221,0.9799874396407446,0.015903600165158734,True
cifar100,symmetric0.2,neighbor,dino_density,5,1000,pipeline_primary_matching_rule,0.8315260341947353,0.8295741434318213,0.0019518907629139104,0.8170717932706435,0.8469283775028814,-0.0025399584817567336,0.01055840857665532,True,False,1000,0,0.8126471577531114,0.9959349999999999,36045,5969.117,0.04581584649883221,0.9799874396407446,0.015903600165158734,True
cifar100,symmetric0.2,confident_learning,dino_density,5,1000,pipeline_primary_matching_rule,0.8148496836012656,0.8117353308364544,0.0031143527648112013,0.8032081582588962,0.8327218854035479,-0.008599492820532179,0.009330492684251245,True,False,1000,0,0.8126471577531114,0.9958374999999999,36045,5968.019,0.04581584649883221,0.9799874396407446,0.015903600165158734,True
cifar100,symmetric0.2,combined,dino_density,1,1000,pipeline_primary_matching_rule,0.6938861599780699,0.6798748407819681,0.014011319196101768,0.6700286767145924,0.7061873636657474,0.001570212573327238,0.02321637373147677,True,False,1000,0,0.8194334725200316,0.99586,36114,5968.899,0.020018315059305004,0.9914393493921108,0.015591387592464097,True
cifar100,symmetric0.2,ema_loss,dino_density,1,1000,pipeline_primary_matching_rule,0.8065064684805089,0.8024865703051448,0.004019898175364078,0.7933854253426696,0.8233337415491194,-0.005922351296532725,0.012484106376223016,True,False,1000,0,0.8194334725200316,0.9959216666666667,36114,5969.322,0.020018315059305004,0.9914393493921108,0.015591387592464097,True
cifar100,symmetric0.2,confidence,dino_density,1,1000,pipeline_primary_matching_rule,0.7372749639796128,0.7383701611563382,-0.0010951971767254598,0.7276803972828794,0.76194763070778,-0.010009823752331169,0.009954265930565066,True,False,1000,0,0.8194334725200316,0.9957008333333334,36114,5967.716,0.020018315059305004,0.9914393493921108,0.015591387592464097,True
cifar100,symmetric0.2,aum,dino_density,1,1000,pipeline_primary_matching_rule,0.7128456797140262,0.7382317106939137,-0.025386030979887453,0.7259600435061212,0.7587162962330095,-0.039429531889271605,-0.015075143818335798,True,False,1000,0,0.8194334725200316,0.99597,36114,5969.402,0.020018315059305004,0.9914393493921108,0.015591387592464097,True
cifar100,symmetric0.2,neighbor,dino_density,1,1000,pipeline_primary_matching_rule,0.833986182374947,0.8285291022872017,0.00545708008774537,0.816148525849581,0.8464207049557331,0.000417135251800605,0.013856446894535478,True,False,1000,0,0.8194334725200316,0.9958775000000001,36114,5968.991,0.020018315059305004,0.9914393493921108,0.015591387592464097,True
cifar100,symmetric0.2,confident_learning,dino_density,1,1000,pipeline_primary_matching_rule,0.8183939168481436,0.8167192778423881,0.001674639005755485,0.8106568364611261,0.8392777148671526,-0.00782243818167469,0.01034521877874821,True,False,1000,0,0.8194334725200316,0.9959125,36114,5969.042,0.020018315059305004,0.9914393493921108,0.015591387592464097,True
cifar100,symmetric0.2,combined,dino_density,8,1000,pipeline_primary_matching_rule,0.6944494163249937,0.6834396146027679,0.011009801722225765,0.673305291430089,0.7117052440343793,-0.01018645466936856,0.014231876701335442,True,False,1000,0,0.7971765743906474,0.98729,35911,5909.443,0.06624553426311021,0.991588161481512,0.015538340768222247,True
cifar100,symmetric0.2,ema_loss,dino_density,8,1000,pipeline_primary_matching_rule,0.8035754744353433,0.8006460416028515,0.0029294328324918073,0.7857425038361291,0.8156722190281382,-0.0069331398325212425,0.012075286591021877,True,False,1000,0,0.7971765743906474,0.9873633333333334,35911,5910.173,0.06624553426311021,0.991588161481512,0.015538340768222247,True
cifar100,symmetric0.2,confidence,dino_density,8,1000,pipeline_primary_matching_rule,0.7368240506037683,0.7374620589791429,-0.0006380083753745325,0.720887355213948,0.7540508272215589,-0.007392098235165278,0.011772779168076774,True,False,1000,0,0.7971765743906474,0.9870825,35911,5908.127,0.06624553426311021,0.991588161481512,0.015538340768222247,True
cifar100,symmetric0.2,aum,dino_density,8,1000,pipeline_primary_matching_rule,0.7150748950188722,0.7423073710005291,-0.0272324759816569,0.7226599847391468,0.7567686309978489,-0.054165494789420746,-0.02672916012744964,True,False,1000,0,0.7971765743906474,0.9871158333333334,35911,5909.142,0.06624553426311021,0.991588161481512,0.015538340768222247,True
cifar100,symmetric0.2,neighbor,dino_density,8,1000,pipeline_primary_matching_rule,0.8257972539244554,0.8212943109353681,0.004502942989087266,0.8097882810267497,0.8400320330961566,-0.004303189296628225,0.008442779965769295,True,False,1000,0,0.7971765743906474,0.9874516666666667,35911,5910.527,0.06624553426311021,0.991588161481512,0.015538340768222247,True
cifar100,symmetric0.2,confident_learning,dino_density,8,1000,pipeline_primary_matching_rule,0.8114095878801384,0.8092367241235277,0.0021728637566107434,0.7907248582744427,0.8212986979460027,-0.012985193935755236,0.005431283142679833,True,False,1000,0,0.7971765743906474,0.9877266666666665,35911,5912.48,0.06624553426311021,0.991588161481512,0.015538340768222247,True
cifar100,symmetric0.2,combined,dino_density,9,1000,pipeline_primary_matching_rule,0.6920478721889515,0.681261992825162,0.010785879363789497,0.6684725780851426,0.7036836865399885,-0.0004076975771985337,0.021652549109206127,True,False,1000,0,0.8008188558149828,0.9917583333333333,35959,5940.634,0.047095482507751224,0.979413863314273,0.01579783566623953,True
cifar100,symmetric0.2,ema_loss,dino_density,9,1000,pipeline_primary_matching_rule,0.8060058320855883,0.8032759531688868,0.0027298789167015114,0.7907435549169441,0.820411280756601,-0.005225230478812196,0.013647983132987582,True,False,1000,0,0.8008188558149828,0.9918008333333332,35959,5940.667,0.047095482507751224,0.979413863314273,0.01579783566623953,True
cifar100,symmetric0.2,confidence,dino_density,9,1000,pipeline_primary_matching_rule,0.7401458243244856,0.7405378347562501,-0.0003920104317645112,0.7303704529450786,0.7638866887045854,-0.008376773130384032,0.011753720870011308,True,False,1000,0,0.8008188558149828,0.9917958333333333,35959,5940.385,0.047095482507751224,0.979413863314273,0.01579783566623953,True
cifar100,symmetric0.2,aum,dino_density,9,1000,pipeline_primary_matching_rule,0.7155895745590835,0.7429155427014099,-0.027325968142326462,0.7074017716637854,0.743790485252333,-0.04738905840954522,-0.02012997288160573,True,False,1000,0,0.8008188558149828,0.9915875,35959,5939.294,0.047095482507751224,0.979413863314273,0.01579783566623953,True
cifar100,symmetric0.2,neighbor,dino_density,9,1000,pipeline_primary_matching_rule,0.8178748739863891,0.8166940126254902,0.0011808613608988994,0.8044813785303163,0.8351567034183222,-0.00365229049414091,0.00965492744723663,True,False,1000,0,0.8008188558149828,0.9917525,35959,5940.217,0.047095482507751224,0.979413863314273,0.01579783566623953,True
cifar100,symmetric0.2,confident_learning,dino_density,9,1000,pipeline_primary_matching_rule,0.8117309676635766,0.8105064100781445,0.0012245575854320512,0.8060226001990283,0.8343231890260705,-0.009440628246368371,0.007741274835483805,True,False,1000,0,0.8008188558149828,0.9916575000000001,35959,5939.628,0.047095482507751224,0.979413863314273,0.01579783566623953,True
